Friedrich;Kräft;fraftdev@gmail.com;123;2021-12-21;DevTeam;DevTeamNeu;1;1
Florian;Hübscher;florian.huebscher@gmail.com;Passwort;2021-12-21;DevTeam;DevTeamNeu;1;1
Max;Mustermann;max.mustermann2@gmail.com;123456;2022-01-26;DevTeam2;DevTeamNeu;0;0
Bardo;Kitzmann;bardo.kitzmann@gmail.com;123;2021-12-21;DevTeam;DevTeamNeu;1;0
Max;Mustermann;max.mustermann@gmail.com;123456;2022-01-26;DevTeam;Produktmanagement;1;0
Alex;Muster;alex.muster@firma.de;1234;2021-12-06;Firma1;Recherche;1;0
Kim;Beispiel;kbeispiel@firma.de;1111;2021-12-01;Firma1;;1;0
Sam;Noel;noel_sam@firma.de;kekse;2020-12-24;Firma1;Recherche;1;0